<?xml version="1.0" encoding="UTF-8"?>
<project-private xmlns="http://www.netbeans.org/ns/project-private/1">
    <editor-bookmarks xmlns="http://www.netbeans.org/ns/editor-bookmarks/2" lastBookmarkId="0"/>
    <open-files xmlns="http://www.netbeans.org/ns/projectui-open-files/2">
        <group>
            <file>file:/D:/New%20folder/Tugas_Praktikum_Pemvis/modul5/projectAkhir/src/projectakhir/iniAdmin1.java</file>
            <file>file:/D:/New%20folder/Tugas_Praktikum_Pemvis/modul5/projectAkhir/src/projectakhir/HomePage.java</file>
            <file>file:/D:/New%20folder/Tugas_Praktikum_Pemvis/modul5/projectAkhir/src/projectakhir/loginPage.java</file>
        </group>
    </open-files>
</project-private>
